column_name,missing_count,missing_percentage
sales_details,5218018,97.8006
sales_rep,4882707,91.5159
resale_status,4808109,90.1178
transfer_status,3768009,70.6233
is_hospitality,2054507,38.5074
subscription_instance_id,1937352,36.3115
price_type_group,506115,9.486
primary_ticket_id,162859,3.0524
row,156695,2.9369
section,156695,2.9369
seat,156695,2.9369
internal_account_id,227,0.0043
price_level,3,0.0001
product_item_id,0,0.0
sales_item_id,0,0.0
product_description,0,0.0
application_channel,0,0.0
total_payment,0,0.0
total_plan_amount,0,0.0
price_type,0,0.0
product_id,0,0.0
last_touched_at,0,0.0
product_type,0,0.0
item_type,0,0.0
transaction_date,0,0.0
transaction_id,0,0.0
sale_type,0,0.0
