month,records,revenue,average_payment,unique_transactions
2019-08-01,18,900.0,50.0,2
2019-10-01,26,1850.0,71.15384615384616,26
2019-11-01,10943,8934594.88,816.4666800694508,121
2019-12-01,7327,4544212.0,620.2009007779446,127
2020-01-01,8867,3442968.13,388.2900789444006,215
2020-02-01,14573,5429192.0,372.55143072805873,294
2020-03-01,8498,3375251.17,397.1818274888209,196
2020-04-01,18718,3664306.0,195.76375681162517,406
2020-05-01,13383,2206000.0,164.83598595232758,304
2020-06-01,1737,757291.64,435.97676453655725,83
2020-07-01,86674,6230695.0,71.88655190714631,1811
2020-08-01,104439,7196012.17,68.90158053983666,1921
2020-09-01,1369,275257.0,201.06428049671294,398
2020-10-01,5685,525624.0,92.4580474934037,679
2020-11-01,3971,196193.0,49.40644673885671,1924
2020-12-01,1910,853082.0,446.6397905759162,266
2021-01-01,5882,617322.38,104.95110166609997,364
2021-02-01,2797,852798.8,304.8976760815159,356
2021-03-01,5324,777558.0,146.04770848985726,953
2021-04-01,12511,502092.0,40.13204380145472,6793
2021-05-01,30976,3874686.1,125.08671552169422,7475
2021-06-01,106681,6240848.52,58.50009392487885,46824
2021-07-01,134303,24278555.62,180.7744847099469,58806
2021-08-01,70245,2680593.42,38.160629510997225,35984
2021-09-01,65136,2464548.9,37.83697033898305,30139
2021-10-01,52686,5752849.87,109.19124378392742,25217
2021-11-01,39455,2628781.39,66.62733215055125,13419
2021-12-01,336692,28863586.38,85.72697414847991,20144
2022-01-01,29958,1699934.05,56.74390980706322,10277
2022-02-01,56379,2698428.21,47.86229287500665,21269
2022-03-01,56236,2093114.01,37.22017942243403,23681
2022-04-01,53186,3093718.78,58.16791599293047,23584
2022-05-01,44946,1890854.33,42.069468473279045,20929
2022-06-01,65717,9771126.67,148.68491668822375,28022
2022-07-01,57416,2190252.79,38.14708077887697,26859
2022-08-01,72638,3110177.78,42.81750295988326,36393
2022-09-01,57811,3334205.01,57.674231720606805,26995
2022-10-01,70981,4738912.51,66.7631128048351,33724
2022-11-01,5752,138048.93,24.000161682892905,2519
2022-12-01,366371,51877213.11,141.59748754677636,19610
2023-01-01,26370,2304632.13,87.39598521046643,12064
2023-02-01,40144,2668376.33,66.4701158330012,15848
2023-03-01,61251,2238844.12,36.551960294525806,27603
2023-04-01,65547,2202172.3,33.5968434863533,27709
2023-05-01,118998,4073068.18,34.22803895863796,53355
2023-06-01,81243,22627499.16,278.5162926036705,36732
2023-07-01,83190,4935170.11,59.32407873542493,34647
2023-08-01,30106,1959656.07,65.09187769879759,12025
2023-09-01,57764,1445840.83,25.03013693650024,24434
2023-10-01,32842,3409473.84,103.8144400462822,20428
2023-11-01,309,66519.52,215.2735275080906,282
2023-12-01,332437,34815700.98,104.72871846394956,16236
2024-01-01,14229,2098864.9,147.50614238526953,3620
2024-02-01,55913,3089229.72,55.250652263337685,19114
2024-03-01,75570,2786722.69,36.876044594415774,32805
2024-04-01,48786,2180329.18,44.69169802812282,22385
2024-05-01,84089,19827985.22,235.79760991330613,37527
2024-06-01,66819,4912718.95,73.52278468699022,26279
2024-07-01,111233,6073323.76,54.60001762067012,52429
2024-08-01,41898,3609657.0,86.1534440784763,17040
2024-09-01,45340,2592922.76,57.18841552712836,21515
2024-10-01,45738,4696211.02,102.67635270453452,20570
2024-11-01,12400,2422220.74,195.34038225806452,10234
2024-12-01,306245,31096312.35,101.54063690835768,12523
2025-01-01,18865,1439176.19,76.28816273522396,6452
2025-02-01,47418,1880556.91,39.659135982116496,20845
2025-03-01,83142,2998629.11,36.06635767722691,31651
2025-04-01,78066,4433323.42,56.78942715138473,33731
2025-05-01,109626,2081798.89,18.990010490212175,50770
2025-06-01,76929,20523279.19,266.7820872492818,27306
2025-07-01,42053,4113985.57,97.82858702114,18674
2025-08-01,71622,3171361.34,44.27915081958058,30655
2025-09-01,56209,2841305.82,50.54894803323311,21635
2025-10-01,59675,3205897.48,53.722622203602846,27957
2025-11-01,314683,27140682.18,86.2476911050168,18460
2025-12-01,12386,1083360.59,87.46654206362021,1506
2026-01-01,25410,1537958.5,60.52571822117277,8515
2026-02-01,61411,2254548.11,36.71244744426894,17513
2026-03-01,47796,2237036.68,46.80384718386476,18937
2026-04-01,51443,1360478.91,26.446336916587292,19778
2026-05-01,37589,1032122.03,27.458086940328286,16508
2026-06-01,16877,1147306.31,67.98046513005866,5440
2026-07-01,65280,12139204.52,185.95595159313726,19154
2026-08-01,90191,3481224.04,38.59835282899624,36262
2026-09-01,33232,665689.91,20.031593343765046,13147
