area,status,finding,recommendation
Dataset completeness,PASS,"Dataset contains exactly 5,326,581 rows.",Retain the complete dataset as the audit baseline.
Payment completeness,PASS,No NULL total_payment values were detected.,No action required.
Negative payments,PASS,No negative payment values were detected.,No action required.
Zero payments,REVIEW,"2,062,980 zero-payment records were detected.",Determine whether zero values represent complimentary or non-revenue transactions.
Future transactions,PASS,No transaction dates occur after the current timestamp.,No action required.
Date ordering,PASS,No transaction_date values occur after last_touched_at.,No action required.
Identifier: primary_ticket_id,REVIEW,"1,586,095 duplicate primary_ticket_id groups were detected.",Determine whether repeated identifiers are expected at the dataset's business grain.
Identifier: subscription_instance_id,REVIEW,"125,430 duplicate subscription_instance_id groups were detected.",Determine whether repeated identifiers are expected at the dataset's business grain.
Identifier: sales_item_id,REVIEW,178 duplicate sales_item_id groups were detected.,Determine whether repeated identifiers are expected at the dataset's business grain.
Identifier: product_item_id,REVIEW,178 duplicate product_item_id groups were detected.,Determine whether repeated identifiers are expected at the dataset's business grain.
Identifier: transaction_id,REVIEW,"888,928 duplicate transaction_id groups were detected.",Determine whether repeated identifiers are expected at the dataset's business grain.
Identifier: product_id,REVIEW,575 duplicate product_id groups were detected.,Determine whether repeated identifiers are expected at the dataset's business grain.
