column,missing_count,missing_percentage
total_rows,5326581,100.0
sales_details_missing,5209276,97.79774305506666
sales_rep_missing,4874385,91.51057685971546
resale_status_missing,4800644,90.12618037724387
transfer_status_missing,3763673,70.65832660763067
hospitality_null,2049474,38.476350965093744
subscription_instance_id_missing,1931325,36.25824895932306
price_type_group_missing,505886,9.49738678525681
primary_ticket_id_missing,162834,3.0570078630175717
section_missing,156515,2.93837641819396
row_missing,156515,2.93837641819396
seat_missing,156515,2.93837641819396
price_level_missing,3,5.632130629384965e-05
transaction_date_missing,0,0.0
last_touched_at_missing,0,0.0
product_item_id_missing,0,0.0
transaction_id_missing,0,0.0
sales_item_id_missing,0,0.0
product_id_missing,0,0.0
item_type_missing,0,0.0
price_type_missing,0,0.0
sale_type_missing,0,0.0
product_type_missing,0,0.0
total_payment_missing,0,0.0
total_plan_amount_missing,0,0.0
product_description_missing,0,0.0
application_channel_missing,0,0.0
