price_level,records,revenue,average_payment
Supporters A,830879,31797491.55,38.26970178569924
West Club C,88186,25838553.08,293.000624588937
West Club D,87172,22579789.3,259.02571123755337
West Club B,76503,19730252.9,257.90168882266056
Lower North B,366080,19409852.25,53.02079395214161
Upper West B,166004,19336444.98,116.48180152285487
East Club B,90212,18974743.27,210.33502494124951
Lower East B,267966,17595401.0,65.66281169999179
West Club A,53493,15562594.68,290.92768549155966
Lower East A,198941,14986574.88,75.33175604827562
Lower North A,298554,14758917.42,49.43466649249382
West Club E,55920,13677681.65,244.59373479971387
Upper West C,130008,13539683.78,104.1450047689373
Upper East A,179084,11429113.01,63.81984437470684
Lower West A,204757,11275638.23,55.06838950560909
Upper East C,242646,10705541.44,44.11999967030159
East Club C,56079,10137169.37,180.76587260828475
Suite A,59220,9339371.32,157.7063714961162
Upper East B,169856,9108732.87,53.62620613931801
Suite B,27605,7939883.94,287.6248483970295
Upper West A,49211,6098641.67,123.92842392960924
Lower North C,95931,6069469.04,63.26911050650989
West Loge A,8398,4544771.02,541.1730197666111
Southwest A,74267,4525977.31,60.941970323292985
Lower East C,64181,4438657.58,69.15843598572786
Suite C,11869,4423366.72,372.68234223607715
Lower East D,49465,4010397.3,81.07545335085413
West Loge B,6145,3496847.2,569.0556875508544
Lower East E,39301,3350166.12,85.24378819877357
Lower East F,45489,3339488.73,73.41310492646573
Lower West B,50203,3263725.87,65.0105744676613
West Club F,13291,3095543.13,232.90520878790159
East Loge B,6035,2909378.41,482.0842435791218
Suite F,6179,2794972.16,452.33406052759346
Upper East G,44428,2758217.59,62.08286643558117
Floor B,19041,2721474.01,142.92705267580484
Upper East E,49144,2699166.35,54.92361936350317
Lower East G,42238,2634292.27,62.36782683839197
Field Seat 01,3858,2623946.49,680.1312830482115
Suite K,10352,2511120.34,242.57344860896444
Field Seat 02,4562,2397273.46,525.4873871109163
East Club A,11436,2372137.55,207.4272079398391
Austin FC Waitlist Membership,66498,2234995.0,33.6099581942314
Field Seat 03,3326,2224709.69,668.8844527961515
Upper East D,31030,2198671.42,70.85631388978408
East Loge A,4130,2137464.36,517.5458498789346
Upper East I,43964,2130865.4,48.46841506687289
Upper East H,45704,2107562.58,46.1133069315596
Upper East J,44981,1835474.0,40.80554011693826
Suite E,5217,1793025.54,343.68900517538816
Porch Loge C,6145,1679065.88,273.24098942229455
Porch Loge A,4107,1620024.57,394.4544850255661
Suite L,7383,1564863.36,211.9549451442503
Loft A,26943,1507913.92,55.96681587054152
Field Seat 04,2017,1497480.33,742.4295141298959
Field Seat 08,2328,1495460.41,642.3799012027491
Field Seat 07,2199,1473622.48,670.1330059117781
GA,135099,1466391.4,10.854198772751834
Field Seat J,2084,1431768.43,687.0289971209213
Field Seat K,2054,1386854.99,675.1971713729308
Field Seat 05,2621,1371739.69,523.3650095383441
Suite D,2441,1365150.88,559.2588611224908
Floor A,7410,1343655.15,181.32997975708503
Suite J,2931,1325016.0,452.0696008188332
Field Seat 06,1985,1321971.8,665.9807556675063
Upper East F,24962,1243924.38,49.83272093582245
Field Seat 09,1593,1234670.22,775.0597740112994
Loft B,9248,1217704.99,131.67225237889272
Upper East K,29123,1195503.64,41.050154173677164
Field Seat 14,1632,1138778.47,697.780925245098
Field Seat 10,1622,1119352.25,690.106196054254
Field Seat L,1731,1056877.57,610.5589659156557
Teal Lot,14729,1033983.53,70.20052481499083
Field Seat T,2208,999237.18,452.5530706521739
Field Seat Q,2361,997467.89,422.4768699703516
Field Seat R,2302,991173.7,430.5706776715899
Upper East L,30806,988381.54,32.08405959877946
Field Seat 21,1401,924546.6,659.9190578158458
McKalla Corner A,20755,916712.24,44.168260178270295
Suite G,2077,830852.16,400.02511314395764
Field Seat 25,1422,825035.23,580.1935513361462
Field Seat 11,1235,814382.9,659.4193522267207
Field Seat 13,1192,755533.12,633.8365100671141
Field Seat A,3616,744252.7,205.82209623893806
Northwest Parking,68612,740662.74,10.79494461610214
Field Seat S,1436,737674.75,513.7010793871866
Field Seat O,1561,723678.85,463.5995195387572
Porch Table A,9228,708281.8,76.75355439965323
Field Seat 16,1025,672729.08,656.3210536585366
Field Seat B,3179,670567.28,210.9365460836741
Field Seat 24,927,655183.65,706.7784789644013
Field Seat 17,837,634178.44,757.6803345280765
Field Seat 31,1038,629448.24,606.4048554913295
Field Seat U,1304,626682.54,480.5847699386503
Orange Lot,9934,611772.95,61.58374773505134
Field Seat M,936,599768.4,640.7782051282052
Field Seat G,1031,598546.78,580.5497381183317
Southwest Parking,52598,592901.61,11.272322331647592
Field Seat 18,1040,581695.05,559.3221634615385
Field Seat 15,3389,577304.27,170.34649454116257
Loft C,3582,576299.0,160.88749302065884
Field Seat I,809,553273.36,683.8978491965389
Field Seat 12,759,552474.06,727.8973122529644
Lower East H,11099,549686.05,49.525727543021894
Field Seat H,871,546519.64,627.4622732491389
Field Seat 30,703,517062.91,735.5091180654339
Field Seat 22,720,498116.5,691.8284722222222
Field Seat C,1511,489234.59,323.78199205823955
Field Seat E,665,482378.4,725.381052631579
Field Seat 20,547,479757.91,877.0711334552102
Field Seat P,1729,470567.46,272.1616310005784
West Loge C,1206,461557.28,382.7174792703151
Field Seat 19,903,452056.59,500.61637873754154
Field Seat 23,612,447076.99,730.5179575163398
Field Seat D,704,437248.67,621.0918607954545
Light Blue Lot,10239,437111.22,42.690811602695575
Field Seat 27,659,428663.05,650.4750379362671
West Loge D,746,410524.8,550.3013404825738
Field Seat 28,1205,409203.11,339.587643153527
Field Seat N,743,408129.86,549.2999461641992
Porch Loge B,1228,402783.48,327.99957654723124
Floor D,3560,390389.58,109.65999438202248
Field Seat 26,599,388299.8,648.2467445742905
Pink Lot,9627,383174.34,39.802050483016515
East Parking,33976,333252.15,9.808457440546269
Field Seat F,760,325265.1,427.98039473684213
Field Seat 47,770,324842.96,421.873974025974
Floor C,4145,313723.22,75.68714595898673
Field Seat 36,500,307763.49,615.52698
Suite SRO B,5093,306069.15,60.09604358924013
SRO A,7534,303833.53,40.32831563578444
Green Lot,11541,300496.23,26.037278398752274
Field Seat 34,730,293942.72,402.66126027397263
Field Seat 38,701,280582.78,400.2607417974322
Field Seat 29,371,259809.55,700.295283018868
Field Seat 35,487,252012.37,517.4791991786448
Field Seat 32,406,242339.6,596.895566502463
Field Seat V,517,234554.88,453.68448742746614
Field Seat 46,452,233351.22,516.2637610619469
McKalla Corner B,5828,230864.25,39.61294612216884
Porch Loge F,553,177212.8,320.45714285714286
Field Seat 49,420,174511.53,415.50364285714284
Field Seat 48,260,170727.1,656.6426923076923
Field Seat 33,298,158498.2,531.8731543624161
Lower West C,2185,158184.7,72.39574370709383
Group Deposit,2548,148762.5,58.384026687598116
Suite SRO A,2785,147486.46,52.957436265709156
Field Seat 44,249,143846.4,577.6963855421686
General,29516,143524.0,4.862583005827348
Loft SRO A,2822,134454.9,47.64525159461375
Suite Security Deposit,12,120000.0,10000.0
Field Seat 37,244,118605.6,486.08852459016396
Field Seat 41,246,116993.58,475.58365853658535
Field Seat 39,219,115520.76,527.4920547945205
Individual Seat,354,115000.0,324.8587570621469
VIP,2847,114510.0,40.221285563751316
Field Seat 51,300,112380.44,374.6014666666667
Field Seat 43,213,112347.96,527.4552112676056
East Loge C,240,107954.42,449.81008333333335
Field Seat W,269,96299.0,357.9888475836431
West Loge E,164,95777.52,584.0092682926829
Field Seat 45,70,86694.28,1238.4897142857144
Floor E,1280,86592.47,67.6503671875
Field Seat 42,179,77405.84,432.43486033519554
East Loge D,136,76974.56,565.9894117647059
Field Seat 40,158,76436.24,483.77367088607593
Emerald Individual,157,69000.0,439.49044585987264
Field Seat X,151,68025.0,450.49668874172187
Field Seat 50,123,67035.6,545.0048780487805
West Loge G,8,62022.96,7752.87
Match Ticket Only,1848,60518.18,32.7479329004329
VIP Individual,97,60000.0,618.5567010309278
Field Seat 53,56,55225.24,986.165
Bus & Match Ticket,1392,54319.12,39.022356321839084
Lexus Club GA,1293,50522.61,39.07394431554524
Lower West D,890,47782.83,53.68857303370787
Field Seat 54,62,46679.44,752.8941935483871
Regular Individual,86,45500.0,529.0697674418604
Loft D,190,43850.0,230.78947368421052
Field Seat 52,138,41403.52,300.02550724637683
Waitlist,629,40800.0,64.86486486486487
Loft SRO B,528,37212.4,70.47803030303031
Chargebacks,18,35737.59,1985.4216666666666
Lower Bowl GA,2591,34691.79,13.389343882670783
Table 6,2,30000.0,15000.0
Concert Week,2252,28831.34,12.802548845470692
Adult,17131,25738.17,1.5024324324324323
F&B Credit,15,25395.0,1693.0
Table 10,4,24000.0,6000.0
Indoor Loft,8,23980.0,2997.5
Upper West F,356,20710.0,58.174157303370784
Splitting Accounts Fee,643,18652.0,29.00777604976672
PRIME02,68,17956.4,264.06470588235294
Suite I,3444,14560.0,4.227642276422764
PRIME03,60,14113.66,235.22766666666666
PRIME04,36,12823.18,356.19944444444445
PRIME05,42,10011.2,238.36190476190475
Mascot Kids,36,9000.0,250.0
Conference Room,1,8596.0,8596.0
Upper East Q,165,8561.42,51.88739393939394
Outdoor Loft,3,7972.0,2657.3333333333335
PRIME01,14,7308.7,522.05
Lower East I,202,6983.33,34.57094059405941
PRIME07,46,6893.54,149.8595652173913
PRIME06,17,6022.76,354.28
Upper East P,122,5407.17,44.32106557377049
PRIME09,28,5381.54,192.19785714285715
Lower North D,77,4620.15,60.001948051948055
Lower East J,164,4456.62,27.174512195121952
PRIME10,21,4299.2,204.72380952380954
Southwest B,211,4154.08,19.687582938388626
Upper East M,56,3885.22,69.37892857142857
Senior (62+) & Military ,292,3738.49,12.80304794520548
Child (6-12),300,3158.0,10.526666666666667
PRIME08,14,3079.6,219.97142857142856
Upper East N,42,3005.11,71.5502380952381
Upper East O,35,2107.35,60.21
Porch Loge D,26,1554.86,59.80230769230769
[NULL],3,1014.0,338.0
Lower East K,7,686.21,98.03
Loge Boxes,12,600.0,50.0
Upper West D,96,558.95,5.822395833333333
West Loge F,8,470.0,58.75
Suites,6,300.0,50.0
Student,49,245.0,5.0
Suite H,74,0.0,0.0
Purple Lot,1,0.0,0.0
Suite Z,16,0.0,0.0
Premium,2275,0.0,0.0
Stadium Tour,345,0.0,0.0
