month,records,revenue,average_payment
2019-08-01,18,900.0,50.0
2019-10-01,26,1850.0,71.15
2019-11-01,10943,8934594.88,816.47
2019-12-01,7327,4544212.0,620.2
2020-01-01,8867,3442968.13,388.29
2020-02-01,14573,5429192.0,372.55
2020-03-01,8498,3375251.17,397.18
2020-04-01,18718,3664306.0,195.76
2020-05-01,13383,2206000.0,164.84
2020-06-01,1737,757291.64,435.98
2020-07-01,86674,6230695.0,71.89
2020-08-01,104439,7196012.17,68.9
2020-09-01,1369,275257.0,201.06
2020-10-01,5685,525624.0,92.46
2020-11-01,3971,196193.0,49.41
2020-12-01,1910,853082.0,446.64
2021-01-01,5882,617322.38,104.95
2021-02-01,2797,852798.8,304.9
2021-03-01,5324,777558.0,146.05
2021-04-01,12511,502092.0,40.13
2021-05-01,30976,3874686.1,125.09
2021-06-01,106681,6240848.52,58.5
2021-07-01,134303,24278555.62,180.77
2021-08-01,70245,2680593.42,38.16
2021-09-01,65136,2464548.9,37.84
2021-10-01,52686,5752849.87,109.19
2021-11-01,39455,2628781.39,66.63
2021-12-01,336692,28863586.38,85.73
2022-01-01,29958,1699934.05,56.74
2022-02-01,56379,2698428.21,47.86
2022-03-01,56236,2093114.01,37.22
2022-04-01,53186,3093718.78,58.17
2022-05-01,44946,1890854.33,42.07
2022-06-01,65717,9771126.67,148.68
2022-07-01,57416,2190252.79,38.15
2022-08-01,72638,3110177.78,42.82
2022-09-01,57811,3334205.01,57.67
2022-10-01,70981,4738912.51,66.76
2022-11-01,5752,138048.93,24.0
2022-12-01,366371,51877213.11,141.6
2023-01-01,26370,2304632.13,87.4
2023-02-01,40144,2668376.33,66.47
2023-03-01,61251,2238844.12,36.55
2023-04-01,65547,2202172.3,33.6
2023-05-01,118998,4073068.18,34.23
2023-06-01,81243,22627499.16,278.52
2023-07-01,83190,4935170.11,59.32
2023-08-01,30106,1959656.07,65.09
2023-09-01,57764,1445840.83,25.03
2023-10-01,32842,3409473.84,103.81
2023-11-01,309,66519.52,215.27
2023-12-01,332437,34815700.98,104.73
2024-01-01,14229,2098864.9,147.51
2024-02-01,55913,3089229.72,55.25
2024-03-01,75570,2786722.69,36.88
2024-04-01,48786,2180329.18,44.69
2024-05-01,84089,19827985.22,235.8
2024-06-01,66819,4912718.95,73.52
2024-07-01,111233,6073323.76,54.6
2024-08-01,41898,3609657.0,86.15
2024-09-01,45340,2592922.76,57.19
2024-10-01,45738,4696211.02,102.68
2024-11-01,12400,2422220.74,195.34
2024-12-01,306245,31096312.35,101.54
2025-01-01,18865,1439176.19,76.29
2025-02-01,47418,1880556.91,39.66
2025-03-01,83142,2998629.11,36.07
2025-04-01,78066,4433323.42,56.79
2025-05-01,109626,2081798.89,18.99
2025-06-01,76929,20523279.19,266.78
2025-07-01,42053,4113985.57,97.83
2025-08-01,71622,3171361.34,44.28
2025-09-01,56209,2841305.82,50.55
2025-10-01,59675,3205897.48,53.72
2025-11-01,314683,27140682.18,86.25
2025-12-01,12386,1083360.59,87.47
2026-01-01,25410,1537958.5,60.53
2026-02-01,61411,2254548.11,36.71
2026-03-01,47796,2237036.68,46.8
2026-04-01,51443,1360478.91,26.45
2026-05-01,37589,1032122.03,27.46
2026-06-01,16877,1147306.31,67.98
2026-07-01,65280,12139204.52,185.96
2026-08-01,90191,3481224.04,38.6
2026-09-01,33232,665689.91,20.03
