price_type,records,revenue,average_payment
Full Season Regular Renewal,1829523,112979983.22,61.75379222890338
Full Season Premium Renewal,392174,86488559.9,220.5361903134833
Full Season Premium,142351,39256314.43,275.7712585791459
Single Regular,338427,21798656.5,64.4116943979056
Full Season Regular,362591,18242199.78,50.31068002239438
Full Season Premium New,65095,14657635.16,225.1729804132422
Full Season Premium 2% Renewal,28803,11121051.67,386.1074079088984
Full Season Premium 2% '24EXP Renewal,22225,8369695.45,376.58922159730037
Full Season Premium 2% LC Renewal,21568,7841774.81,363.58377271884274
Single Premium Hospitality,44204,7786780.39,176.1555603565288
Full Season Regular New,125479,7018126.52,55.93068577212123
Full Season Premium 2% '23 Renewal,22366,6939081.15,310.25132567289637
Single Regular BRK,117851,6733995.35,57.13990844371283
Full Season Premium 3% '26EXP Renewal,8925,5510860.39,617.4633490196078
Full Season Premium 3% Renewal,10701,5482318.61,512.3183450144846
Full Season Premium 3% '21 Renewal,11162,5465671.04,489.66771546317864
Concert Presale,42367,5457171.15,128.80711756791843
Full Season Premium 4% Renewal,11239,5341713.8,475.2837263101699
LV|20.00|Full Season Premium Renewal,35732,4772401.03,133.56098259263405
Full Season Premium 2% '27EXP Renewal,6952,4548569.14,654.2820972382049
Full Season Premium Upgrade Renewal,15486,4189977.19,270.56549076585304
Single Match Regular,73762,4138054.92,56.1000911038204
Full Season Premium 2% '21 Renewal,8784,4089164.53,465.5241951275045
Full Season Premium 2% '26EXP Renewal,4846,3291589.7,679.2384853487413
Concert Regular,31722,3092006.27,97.47198379673412
Single Match Parking,58676,2976314.19,50.72455842252369
Full Season Premium 3% '27EXP Renewal,7920,2875381.79,363.0532563131313
Group Regular,76372,2655455.11,34.77000877284869
Full Season Premium 2% '28EXP Renewal,3517,2374232.87,675.0733210122263
Single Presale Regular,28065,2325837.16,82.8732285765188
Full Season Premium 4% '25EXP Renewal,6377,2229958.89,349.68776697506667
Full Season Premium 4% '26EXP Renewal,5373,2226170.07,414.3253433835846
Full Season Premium 3% '25EXP Renewal,3484,2095373.47,601.4275172215844
Group Premium,13949,1890517.22,135.53066312997348
Full Season Premium 4% '21 Renewal,4324,1871168.0,432.7400555041628
Full Season East,9472,1654555.0,174.67852618243242
Single Match Premium,11290,1638339.5,145.11421612046058
Presale Regular,24485,1531638.73,62.55416499897897
Group Regular Promo,26981,1470284.36,54.49332344983507
Full Season Regular Downgrade Renewal,20909,1445189.52,69.11806016547898
Single Onsale Regular,17601,1444110.83,82.04708993807171
Full Season Premium 1% '30EXP Renewal,1991,1424008.17,715.2225866398794
Full Season Premium 5% Renewal,2988,1416360.68,474.0162918340027
Full Season Premium 5% '21 Renewal,3048,1306465.32,428.63035433070866
Full Season Premium 4% '24EXP Renewal,2057,1161948.09,564.8751045211473
Full Season Premium 4% '23 Renewal,2337,1120945.37,479.65142062473257
Gold Cup Regular,17708,1116383.53,63.04402134628417
Full Season Regular Upgrade Renewal,15042,1091342.61,72.55302552852014
Full Season Premium Add On New,3528,1072432.54,303.977477324263
Full Season Premium 1% '29EXP Renewal,2131,1022812.61,479.96837634913186
Full Season Premium 0% Renewal,2248,996640.0,443.34519572953735
Gold Cup Presale,9417,933961.46,99.17823723054052
COPA Presale Regular,15416,918012.14,59.5493085106383
Full Season Premium 5% '24EXP Renewal,1475,885438.0,600.2969491525424
Austin FC Waitlist Membership,17585,879200.0,49.99715666761444
Single Premium,6698,870432.33,129.9540653926545
LV|20.00|Full Season Premium New,6344,851326.66,134.19398802017653
LV|25.00|Full Season Premium Renewal,5736,847209.19,147.70034693165968
Full Season Premium 4% '28EXP Renewal,3053,821150.72,268.96518833933834
Adult,104698,816790.17,7.801392290206117
MexTour Presale,9555,796354.21,83.34423966509681
MexTour Regular,7532,791028.57,105.02238050982474
Full Season Premium 3% '28EXP Renewal,2850,733790.33,257.47029122807015
Single Premium Hospitality DP,3602,732898.25,203.4698084397557
Full Season Premium 0% '21 Renewal,1537,700000.0,455.43266102797656
Full Season Premium 3% '26EXP New,975,687411.95,705.0378974358974
Austin FC Waitlist Membership Renewal,34296,677445.0,19.752886634009798
Full Season Parking,8647,672494.18,77.77196484329825
Full Season Owner Renewal,2655,636246.01,239.64068173258005
Full Season Premium 2% '22 Renewal,1970,555057.22,281.7549340101523
General,36358,532853.45,14.655741514934816
Single STM Regular,13350,527887.13,39.542107116104866
Full Season Premium 2% 5 yr '23 Renewal,1101,516838.53,469.4264577656676
Full Season Parking Comp,93809,510553.93,5.442483450415206
Full Season Premium 3% '23 Renewal,956,502158.54,525.2704393305439
Full Season Partner Premium,3513,445773.87,126.89264730999146
Austin FC Waitlist Membership No Pre New,8852,442150.0,49.949164030727516
Full Season Premium 3% '24EXP Renewal,1185,412782.6,348.33974683544307
Full Season Premium 3% '23 New,929,392827.64,422.8499892357373
Full Season Premium 4% '25EXP New,725,380608.0,524.976551724138
Full Season Premium 2% '30EXP Renewal,2023,371423.04,183.60011863568957
Full Season Premium 5% '28EXP Renewal,2799,358864.0,128.21150410861023
Austin FC Gala,222,343500.0,1547.2972972972973
Group Away Supporter,14835,342645.43,23.097096730704415
Full Season Premium Downgrade Renewal,1868,328749.67,175.99018736616702
Full Season Premium 0% '28/'29EXP Renewal,116,323698.64,2790.5055172413795
Single STM Premium,3667,322850.01,88.04199890919007
Full Season Premium 1% '28EXP Renewal,350,309238.4,883.5382857142857
Full Season Premium B New,1006,300067.06,298.27739562624254
Concert ATXFC Presale,3043,284877.37,93.61727571475518
Full Season Premium 0% '27/'28EXP Renewal,84,280787.71,3342.7108333333335
Full Season Premium 4% '27EXP Renewal,464,280237.3,603.959698275862
Concert Aisle,1930,278124.39,144.10590155440414
2026 Austin FC Full Season Regular Membership,4115,276576.28,67.21173268529769
Single Presale Premium,1359,253606.5,186.61258278145695
Austin FC Waitlist Membership New,4725,236200.0,49.98941798941799
Prime,842,227971.02,270.7494299287411
Full Season Premium 0% '28/'29EXP ACH Renewal,28,222566.32,7948.797142857143
Group Regular Starting 11,4816,208581.47,43.31010589700997
Single Match East,887,191392.4,215.7749718151071
Full Season Premium 2% '25EXP Renewal,1326,191017.44,144.0553846153846
PR7 Regular,3892,189251.0,48.62564234326824
Full Season Premium 4% '26EXP New,369,183802.76,498.110460704607
Full Season Premium 4% '27EXP New,229,174795.84,763.3006113537118
Full Season Premium 0% '25 Renewal,594,170000.0,286.1952861952862
Full Season Premium 3% '22 Renewal,422,166640.51,394.8827251184834
Full Season Premium 0% '30/'31EXP Renewal,56,162208.11,2896.573392857143
Single Box Office Regular,6636,144449.5,21.76755575647981
STM Suite,7,140000.0,20000.0
Full Season Premium 0% '31/'32EXP ACH Renewal,16,137299.32,8581.2075
Full Season Premium 2% '27EXP New,170,137105.48,806.5028235294118
Single Regular EFT,3885,135929.53,34.98829601029601
Full Season Regular 2% Renewal,234,134223.96,573.6066666666667
Full Season Regular B New,1617,133416.88,82.50889301175016
Full Season Owner,631,132156.8,209.44025356576861
Full Season Premium 0% '27/'28EXP ACH Renewal,16,129823.52,8113.97
MexTour Discount,3289,126361.0,38.41927637579811
Full Season Premium 0% '30/'31EXP ACH Renewal,16,125787.52,7861.72
Full Season Premium 4% '22 Renewal,267,123466.16,462.42007490636706
Suite Security Deposit,12,120000.0,10000.0
2026 Austin FC Full Season Premium Membership,442,116576.67,263.7481221719457
Full Season Premium 3% '27EXP Upgrade Renewal,100,110753.84,1107.5384
Full Season Regular Add On New,1476,109490.1,74.18028455284554
Single Regular - S,1432,109267.27,76.3039594972067
Full Season Premium 3% '27EXP New,115,107641.9,936.0165217391304
Full Season Parking Comp Renewal,18614,106556.49,5.724534758783711
Full Season Premium 0% '26 Upgrade Renewal,141,105556.88,748.6303546099291
Full Season Premium 0% '29/'30EXP Renewal,24,102821.43,4284.22625
Single Community 20,9401,102794.9,10.934464418678864
Gift Card,2645,102231.62,38.65089603024575
Full Season Premium 4% '26EXP Upgrade Renewal,202,100430.56,497.1809900990099
Full Season Premium 2% '23 New,188,98428.48,523.555744680851
LV|25.00|Full Season Premium New,603,97558.18,161.78802653399669
Full Season Premium 1% '30EXP New,80,96592.0,1207.4
Full Season Regular WB Renewal,638,91657.83,143.66431034482758
Single Suite SRO Premium,935,89502.5,95.72459893048128
Beer Hall,1177,88275.0,75.0
Full Season Partner Comp,69530,88272.29,1.2695568819214726
LV|20.00|Full Season Premium Downgrade Renewal,580,87937.32,151.61606896551723
SciPlay,1162,84826.0,73.0
Single Onsale Premium,494,83394.82,168.81542510121457
Group No Tax,2200,82369.91,37.44086818181818
Concert Week Special,5570,82050.44,14.730779174147218
LV|20.00|Full Season Premium Upgrade Renewal,583,82041.7,140.72332761578045
Full Season Premium 4% '27EXP Upgrade Renewal,115,81260.0,706.6086956521739
Full Season Premium 2% LC E Renewal,24,80250.24,3343.76
US Open Cup 5/10/23,17,79688.94,4687.584705882353
Full Season Premium 2% New,24,79027.2,3292.8
Full Season No Tax Renewal,1943,78320.33,40.30897066392177
Full Season Premium WB Renewal,84,76320.54,908.5778571428572
Gold Cup Presale East,512,75795.0,148.037109375
Single Match Away Supporter,3607,75793.0,21.01275298031605
Single Match Partner Group Reg,1859,75058.0,40.37547068316299
Single Match TIX,4543,67197.0,14.791327316751046
Single Community Offer,3011,65173.09,21.64499833942212
Group Regular Flag Kids,1424,62146.99,43.64254915730337
Single Premium BRK,266,61923.58,232.7954135338346
Single Match Group,2036,60415.0,29.673379174852652
Single Away Supporter,1229,60152.29,48.94409275834011
2026 Austin FC Full Season Regular Seat Membership,828,59987.16,72.44826086956522
Group 100 Regular ,2101,59579.36,28.357620180866252
Single Citi Regular,1516,59509.86,39.25452506596306
Single Match Community 20,5586,58676.0,10.504117436448263
Full Season Premium 2% WB Renewal,24,58329.6,2430.4
Full Season Premium 0% '29/'30EXP ACH Renewal,8,56052.8,7006.6
Single Community Code,2889,54453.68,18.848625822083765
Concert EFT,2234,53890.0,24.122649955237243
Single Match Tickets,1272,53708.3,42.223506289308176
Single Match Parking Comp,29329,53527.79,1.8250806369122712
Full Season Premium 0% '28/'29EXP ACH New,8,51998.8,6499.85
Full Season Premium 2% '29EXP Renewal,122,51603.3,422.97786885245904
Full Season Premium 1% '30EXP Upgrade Renewal,52,51211.84,984.843076923077
Full Season Premium 2% '27EXP Upgrade Renewal,50,47958.0,959.16
Full Season Premium 0% '33/'34EXP Renewal,28,45694.84,1631.9585714285715
Group Regular Partner,1075,45091.37,41.94546046511628
US Open Cup 5/7/25,19,44976.08,2367.162105263158
Single Regular Waitlist,562,43710.44,77.77658362989324
Full Season Premium 2% '28EXP Add On New,85,41670.0,490.2352941176471
Full Season Premium 2% '28EXP New,68,40388.0,593.9411764705883
2026 Austin FC Full Season Premium Seat Membership,291,39689.18,136.3889347079038
PR7 Presale,890,39212.89,44.059426966292136
Group Regular Code,938,36331.51,38.732953091684436
Chargebacks,18,35737.59,1985.4216666666666
Gold Cup $5 Off,2205,35162.0,15.946485260770976
Full Season Premium 0% '31/'32EXP Renewal,16,34184.76,2136.5475
Single Match Partner Group Premium,248,32828.95,132.37479838709677
Lexus Loge,16,32000.0,2000.0
SciPlay North Lot Parking,406,30871.95,76.03928571428571
CSVS 1,2,30000.0,15000.0
Group Regular NS,767,28531.44,37.1987483702738
Non STM Suite,2,28500.0,14250.0
Gold Cup Regular East,600,28386.2,47.31033333333333
Full Season Premium 2% Upgrade Renewal,16,25354.56,1584.66
Boardroom,1,25000.0,25000.0
Concert VIP,156,24680.36,158.2074358974359
Full Season Premium 0% '34/'35EXP Renewal,16,22927.21,1432.950625
Southwest Lot Parking,309,21622.5,69.97572815533981
LV|25.00|Full Season Premium Downgrade Renewal,123,21535.6,175.08617886178862
LV|25.00|Full Season Premium Add On New,214,20535.14,95.95859813084112
General Event Day,1214,19764.69,16.280634266886327
Single TTN,6887,19632.53,2.85066502105416
LV|25.00|Full Season Premium Upgrade Renewal,119,19485.09,163.74025210084034
Premium Seating Deposit (sold out),187,18700.0,100.0
Orange Lot Parking,298,18681.46,62.68946308724832
Fee,643,18652.0,29.00777604976672
Presale Premium,107,18529.8,173.17570093457945
Single Match Community Code,911,17600.0,19.319429198682766
Full Season West,261,17470.0,66.93486590038314
League Media Comp,8182,17416.83,2.1286763627474947
Light Blue Lot Parking,385,16812.61,43.669116883116885
General Seating Deposit,311,15550.0,50.0
Single Exchange,231,15395.43,66.64688311688312
PR7 Group 20,434,15160.71,34.93251152073733
Single Regular Holiday Promo,214,15015.36,70.16523364485981
Single Match Offer,325,14830.9,45.633538461538464
CS 2,1,14000.0,14000.0
US Open Cup 5/24/23,7,13839.92,1977.1314285714286
Single Match GRP,303,13647.3,45.04059405940594
Concert Family 4-Pack,268,13323.9,49.7160447761194
Single Premium Hospitality No Tax,83,12896.3,155.37710843373495
Full Season No Tax,355,12272.0,34.56901408450704
East Loge,12,12000.0,1000.0
Full Season Premium 0% '28/'29EXP New,16,11996.84,749.8025
ATX Cash,116,11600.0,100.0
Single RTP Regular,310,11380.55,36.711451612903225
Green Lot Parking,393,10502.26,26.72330788804071
LV|20.00|Full Season Premium Add On New,76,10302.14,135.55447368421054
Group Regular Academy,310,9482.2,30.58774193548387
Pink Lot Parking,187,8268.54,44.21679144385027
Single Staff Regular,292,7450.64,25.515890410958903
Single Match Academy,259,6921.85,26.725289575289576
League Partner Comp,9905,6870.37,0.6936264512872287
PR7 Group 20 2,265,6846.1,25.834339622641508
Group 300 Regular,268,6579.37,24.54988805970149
SPONSOR,2476,6473.57,2.6145274636510503
PR7 Group,221,6340.0,28.687782805429865
Full Season Premium 2% Add On New,2,6326.88,3163.44
Group Premium Promo ,83,6212.48,74.84915662650603
PR7 Relo,141,6155.06,43.652907801418436
Teal Lot Parking,86,6120.37,71.16709302325582
Concert LN Consignment Regular,152,5705.94,37.539078947368424
Single FMOU Regular ,92,5479.65,59.56141304347826
Single Premium Hospitality NS,133,5192.87,39.04413533834587
$250,9,5110.0,567.7777777777778
League MLS Comp,22260,5080.82,0.22824887690925427
Single Regular BRK Comp,522,4968.14,9.517509578544061
CCC 2,30,4500.0,150.0
CCC 3,42,4200.0,100.0
Single Partner USOC,61,4094.15,67.1172131147541
Single Sales Comp,98003,4020.0,0.041019152474924235
Single Regular Matchday Signature,54,4009.65,74.25277777777778
Supporter Section Deposit,79,3950.0,50.0
Full Season Partner USOC,67,3934.5,58.723880597014926
Single Box Office Presale Regular,40,3862.39,96.55975
Single Regular YETI Promo,44,3838.84,87.24636363636364
League Visiting Comp,18087,3773.26,0.20861723890086803
PMA,1977,3722.6,1.8829539706626202
Single Match ATX Team Comp,6383,3481.0,0.5453548488171706
Concert Week Presale,247,3414.0,13.821862348178138
US Open Cup Hospitality,3,3000.0,1000.0
Full Season Partner East Comp,623,2897.88,4.651492776886036
Season Ticket Membership Deposit,52,2600.0,50.0
PR7 Group 30,95,2535.91,26.69378947368421
Single Regular OneTaco Bundle,32,2357.2,73.6625
Partner Regular Comp,36327,2306.98,0.06350593222671842
Full Season Staff Comp,31703,2264.28,0.0714216320222061
Full Season West Renewal,47,2197.07,46.74617021276596
League ATX Comp,29365,2081.27,0.07087587263749362
Single Regular Matchday Starter,26,2040.0,78.46153846153847
Final Stretch Package Regular New,35,2028.0,57.94285714285714
Single Match Premium West,34,2017.0,59.3235294117647
MexTour EVT,9694,1947.0,0.2008458840519909
PR7 RGRP Group,77,1888.6,24.527272727272727
$500,3,1750.0,583.3333333333334
PR7 Group Code,39,1630.56,41.80923076923077
$1000,1,1500.0,1500.0
Single Match MLS Comp,1560,1440.0,0.9230769230769231
Single MLS Comp,1339,1402.12,1.0471396564600448
MexTour Comp,6976,1380.0,0.1978211009174312
Single Box Office Onsale Regular,28,1308.45,46.730357142857144
PR7 HUNS,108,1092.0,10.11111111111111
Single Match Partner Comp,4823,1056.0,0.2189508604602944
East Lot Parking,18,1028.5,57.138888888888886
Single Match Premium Deposit,1,1000.0,1000.0
Single Staff Comp,20687,957.19,0.04627012133223764
Full Season Sales Comp,4054,918.66,0.22660582141095215
Gold Cup Comps,5018,890.0,0.17736149860502193
Full Season GM Comp,13491,779.4,0.057771847898599064
"Child(Age 7-17, 6 & Under is Free)",26,650.0,25.0
Single West Regular,14,641.72,45.83714285714286
NONPMA,298,637.51,2.139295302013423
Single Regular 20% Discount ,11,627.34,57.03090909090909
COMP - DRESS,2017,620.58,0.30767476450173525
Premium,12,600.0,50.0
Single Referee Comp,840,574.0,0.6833333333333333
2027 + 27/28 Combined Austin FC Membership,4,526.75,131.6875
Single Match Sales Comp,2736,455.0,0.16630116959064328
Single Match Relo Comp,581,410.0,0.7056798623063684
Partner Premium Comp,17356,398.86,0.02298110163632173
Full Season Marketing Comp,4155,393.62,0.09473405535499398
COPA OPS,928,384.34,0.4141594827586207
Goalie 10,3,333.72,111.24
Single Match Referee Comp,634,320.0,0.5047318611987381
Single Visiting Team Comp,4725,308.54,0.0652994708994709
Full Season Staff Bank Comp,1677,308.38,0.18388789505068576
Single Match Visiting Team Comp,3756,271.0,0.07215122470713525
Concert C3 Comps,1592,268.8,0.16884422110552763
League Ref Comp,2509,254.76,0.10153846153846154
VENUE,1387,212.59,0.1532732516222062
PR7 Community Comp,1043,176.0,0.16874400767018216
PR7 Promo Comp,930,176.0,0.18924731182795698
Group No Tax FEVO,4,151.28,37.82
Single Match Community Comp,6463,150.0,0.023209036051369335
PR7 Corp Comp,250,144.0,0.576
Goalie 50,2,123.6,61.8
PR7 Group 10,3,77.88,25.96
Gold Cup QFA,2695,75.0,0.027829313543599257
Single GM Comp,3859,60.66,0.015719098211972014
FEVO Supporter,1,50.0,50.0
PR7 Comp,1081,20.0,0.018501387604070305
Staff Discount ,1,16.5,16.5
Full Season Partner Comp East,591,0.0,0.0
Full Season Parking ADA Comp,100,0.0,0.0
Full Season GM Comp West,218,0.0,0.0
Full Season GM Comp All Access,119,0.0,0.0
Single Regular FMOU Comp,6440,0.0,0.0
Full Season GM All Access Comp,5258,0.0,0.0
Concert Vettix Comp,1500,0.0,0.0
Concert Venue Test Scan Comp,11,0.0,0.0
Concert Venue Suite Comp,288,0.0,0.0
Concert Venue Comp,2428,0.0,0.0
Single Relo Comp,2529,0.0,0.0
Single Rep Comp,386,0.0,0.0
Concert Relo Comp,488,0.0,0.0
Concert Outlaw Comps,30,0.0,0.0
Single Staff All Access Comp,1326,0.0,0.0
Concert MGMT Comp,36,0.0,0.0
Single Staff Extra Comp,1165,0.0,0.0
Concert Media Comp,1471,0.0,0.0
Concert LN Comps,148,0.0,0.0
Concert CAA Comp,23,0.0,0.0
Concert Artist Comp,1185,0.0,0.0
Concert Addt'l Artist Comps,30,0.0,0.0
CONCACAF,23,0.0,0.0
COMP – VISITAUS,87,0.0,0.0
COMP - Test Scan,18,0.0,0.0
SUITES,1415,0.0,0.0
COMP - RELO,39,0.0,0.0
SUM,125,0.0,0.0
Comp,24,0.0,0.0
The ATXFC House Day 01,85,0.0,0.0
The ATXFC House Day 02,139,0.0,0.0
The ATXFC House Day 03,35,0.0,0.0
The ATXFC House Day 04,32,0.0,0.0
The ATXFC House Day 05,11,0.0,0.0
The ATXFC House Day 06,53,0.0,0.0
The ATXFC House Day 07,47,0.0,0.0
The ATXFC House Day 08,40,0.0,0.0
The ATXFC House Day 09,23,0.0,0.0
The ATXFC House Day 10,39,0.0,0.0
The ATXFC House Day 11,24,0.0,0.0
The ATXFC House Day 12,15,0.0,0.0
The ATXFC House Day 13,41,0.0,0.0
Single ATX Team Comp,8126,0.0,0.0
The ATXFC House Day 15,16,0.0,0.0
The ATXFC House Day 16,19,0.0,0.0
The ATXFC House Day 17,14,0.0,0.0
The ATXFC House Day 18,22,0.0,0.0
The ATXFC House Day 19,25,0.0,0.0
The ATXFC House Day 20,17,0.0,0.0
The ATXFC House Day 21,11,0.0,0.0
The ATXFC House Day 22,16,0.0,0.0
The ATXFC House Day 23,2,0.0,0.0
Austin FC Waitlist Membership Rollover,784,0.0,0.0
Austin FC Waitlist Membership Partner,256,0.0,0.0
Austin FC Gala Comp,478,0.0,0.0
The ATXFC House Day 14,35,0.0,0.0
PROTOCOL,763,0.0,0.0
Single Community Comp,41218,0.0,0.0
PR7 PLYR Comp,1099,0.0,0.0
Single GM All Access Comp,151,0.0,0.0
Single Match,57,0.0,0.0
LV|25.00|Group Regular,2,0.0,0.0
Single Match GM Comp,762,0.0,0.0
Google,5685,0.0,0.0
Gold Cup Suite Comp,1034,0.0,0.0
Gold Cup QFA East,24,0.0,0.0
Gold Cup ATXFC Comp,427,0.0,0.0
Full Season Suite Comp,586,0.0,0.0
Full Season Staff Comp West,71,0.0,0.0
Full Season Staff Comp All Access,286,0.0,0.0
Single Match Staff Comp,1015,0.0,0.0
Single Match Staff Comp All Access,162,0.0,0.0
Full Season Staff All Access Comp,4358,0.0,0.0
Full Season Premium Suite Comp,586,0.0,0.0
Full Season Premium 5% '29EXP Renewal,546,0.0,0.0
Full Season Premium 4% '30EXP Renewal,823,0.0,0.0
Full Season Premium 4% '29EXP Renewal,1263,0.0,0.0
Full Season Premium 3% '29EXP Renewal,636,0.0,0.0
Full Season Premium 2% '34EXP Renewal,1150,0.0,0.0
Full Season Premium 0% '30EXP Renewal,510,0.0,0.0
Full Season Premium 0% '28 Renewal,640,0.0,0.0
Full Season Premium 0% '28EXP Renewal,1230,0.0,0.0
Full Season Premium 0% '25EXP Renewal,610,0.0,0.0
Full Season Partner West Comp,324,0.0,0.0
Full Season Partner Comp West,154,0.0,0.0
