sales_rep,records,revenue,average_payment,accounts
[NULL],4882707,377391796.93,77.29151000254572,403620
e13f0aed-8dc3-e911-a9ce-b4d295c803b4,26425,9208489.98,348.47644200567646,557
cf3d0764-eeb6-ea11-a9ce-0a593f791696,17072,8343443.42,488.7209126054358,466
32452853-d1ee-e911-a9ce-0a593f791696,20468,6557978.0,320.4015047879617,318
64abfe91-edd5-ec11-8398-afdcd3d9b1c9,33777,5782454.65,171.19503360274743,2555
332a23ce-cdba-ee11-8444-f25803cab98d,11930,5559434.49,466.00456747694886,331
f8cd53e7-a232-ed11-83d0-c079aa792785,17553,5509189.35,313.86027174841905,573
aaa43811-d1ee-e911-a9ce-0a593f791696,19880,5353364.0,269.28390342052313,366
68b2173b-d1ee-e911-a9ce-0a593f791696,15640,4962572.0,317.3,272
c39bb46d-2525-eb11-828e-85d3c8e3831d,28312,4961200.7,175.2331414241311,2550
4887858e-7b97-ed11-83d0-8f2f0e9e3478,15330,4604713.03,300.3726699282453,358
03fc1f47-d1ee-e911-a9ce-0a593f791696,18554,4443432.0,239.48647191980166,335
926facb1-e171-ee11-8445-8bb660623aae,25746,4442036.02,172.53305445506098,1343
11dc66ad-f5d5-ec11-8398-ebabbcce10a6,25179,3741685.15,148.60340561579093,883
796fa085-85ef-e911-a9ce-0a593f791696,9185,3737477.0,406.9109417528579,135
de169ae2-e7b7-eb11-82e4-a207ccb4bbc2,11680,2952134.8,252.75126712328768,800
0c16202f-d1ee-e911-a9ce-0a593f791696,8714,2917162.0,334.7672710580675,147
816acdf3-e6b7-eb11-82e4-a207ccb4bbc2,12322,2458735.58,199.54030027592924,387
1adda777-f5d5-ec11-8398-ebabbcce10a6,10346,2438261.93,235.6719437463754,258
a677dcd0-e371-ee11-8445-8bb660623aae,13532,2194335.92,162.1590245344369,810
463446a8-bec8-ed11-842b-d68760c2c9c7,19076,2173830.45,113.95630373243867,511
b01f2826-70db-ec11-8398-ccb9c0fe8a1e,11969,1937526.47,161.87872587517754,480
6308a9a4-f4ba-ee11-8444-f25803cab98d,11190,1524278.79,136.2179436997319,481
c5529462-9c10-ee11-8445-ad31b5b5ed70,10972,1487111.97,135.5370005468465,523
4c863205-0eba-ea11-a9ce-0a593f791696,12388,1422559.64,114.8336809815951,438
7a4d23e0-cdba-ee11-8444-f25803cab98d,6385,1264566.48,198.05269851213782,195
0c17aba3-19ff-e911-a9ce-0a593f791696,4408,919172.76,208.52376588021778,371
abdd0358-9190-79c7-c824-08dd8277fc75,5321,915443.54,172.0435143769968,314
0ef6055b-fdf6-ec11-83ad-c35b536a62f6,7729,896128.89,115.943704230819,281
79be04b8-b390-79c7-0fea-08de00297a18,4412,460311.56,104.33172257479602,328
b771bdaf-e7b7-eb11-82e4-a207ccb4bbc2,4179,377422.38,90.3140416367552,226
e24ea106-2425-eb11-828e-85d3c8e3831d,1712,325055.61,189.86893107476635,108
d8be04b8-b390-79c7-9f33-08de00298b0a,2146,281619.77,131.23008853681267,151
63ab3533-e6e3-ef11-84f4-fc6c732befcd,1232,218657.8,177.48198051948052,34
0aca0701-0073-cfa3-328d-08de8f68f948,738,202859.74,274.8776964769648,135
dbcb0701-0073-cfa3-11b7-08de8f6ae576,1390,201833.59,145.20402158273382,77
ed16341c-fef0-e911-a9ce-0a593f791696,694,192966.2,278.0492795389049,46
553d8844-71b7-ec11-8398-cd87ee1b037a,869,184117.44,211.87277330264672,99
47c50101-0057-a092-ef86-08de52d29094,1457,177726.38,121.98104323953329,41
56260858-2525-eb11-828e-85d3c8e3831d,1111,136963.6,123.27956795679567,204
1f7d09d0-c562-ee11-8444-cd01fd4eb582,1603,45792.16,28.566537741734248,421
95c90801-0023-b011-4374-08de6d999285,15,1283.73,85.582,5
5871873d-63bf-e911-a9ce-b4d295c803b4,13,650.0,50.0,1
b84f893a-2525-eb11-828e-85d3c8e3831d,1,29.0,29.0,1
