product_description,records,revenue,average_payment
2024 Full Season Membership,16565,31460738.83,1899.2296305463326
2023 Full Season Membership,16339,30020459.32,1837.3498573964134
2025 Full Season Membership,16402,29349150.52,1789.3641336422388
2022 Full Season Membership,16364,28637225.59,1750.0137857492057
2021 Full Season Membership,15566,27037755.11,1736.9751451882307
2026 Full Season Membership,14505,25788399.9,1777.8972699069286
2027-2028 Full Season Membership,11168,6489328.01,581.0644708094555
2027 Sprint Season Membership,11068,6032871.53,545.0733221900975
RUFUS DU SOL 4/26/25,44384,5591425.65,125.978407759553
Playoff Match 02,35279,3440241.28,97.51527197482922
11 - LAFC at Austin FC 10/12,48683,3174605.4,65.20973235010167
20 - Club America at Austin FC 8/13,41652,2829023.4,67.92046960530107
Playoff Match 01,34413,2781384.85,80.82366692819573
13 - LAFC at Austin FC 8/26,37244,2762981.72,74.18595532166255
06 - LA Galaxy at Austin FC 4/27,37894,2722208.52,71.83745500606956
05 - LA Galaxy at Austin FC 4/19,36900,2680302.05,72.63691192411925
01 - Minnesota United FC at Austin FC 2/24,35003,2638907.86,75.39090535096992
01 - St. Louis CITY SC at Austin FC 2/25,35149,2613710.25,74.36087086403596
04 - FC Dallas at Austin FC 3/30,36859,2578449.17,69.95439838302721
17 - Colorado Rapids at Austin FC 10/9,38069,2557547.37,67.18188998923009
08 - Sporting KC at Austin FC 5/18,37815,2547024.44,67.35487081845828
03 - San Diego FC at Austin FC 3/23,36055,2529206.0,70.14855082512828
02 - St. Louis CITY SC at Austin FC 3/9,36512,2521961.55,69.07212834136722
08 - FC Dallas at Austin FC 6/25,38171,2513557.85,65.84993450525268
06 - LA Galaxy at Austin FC 5/8,36638,2511467.03,68.54814755172225
04 - Portland Timbers at Austin FC 4/6,36791,2502710.57,68.02507596966649
05 - San Jose Earthquakes at Austin FC 4/6,37324,2499089.46,66.95663540885221
02 -  Colorado Rapids at Austin FC 3/8,36269,2498990.08,68.90154346687254
10 - New York Red Bulls at Austin FC 6/14,37281,2488787.13,66.7575207210107
06 - Minnesota United FC at Austin FC 5/3,37603,2486728.4,66.1311171980959
10 - LAFC at Austin FC 6/19,36864,2464316.1,66.8488525390625
03 - Colorado Rapids at Austin FC 3/25,34779,2456401.97,70.62888438425486
02 - CF Montreal at Austin FC 3/4,35175,2445126.31,69.51318578535891
12 - Seattle Sounders FC at Austin FC 7/13,37752,2443597.98,64.7276430387794
11 - NYCFC at Austin FC 7/6,36382,2442686.44,67.1399714144357
01 - Sporting KC at Austin FC 2/22,35807,2441036.68,68.17205239199039
13 - Charlotte FC at Austin FC 7/20,37977,2437785.87,64.19111225215262
17 - LAFC at Austin FC 10/7,37482,2435529.02,64.97863027586575
03 - Philadelphia Union at Austin FC 3/16,36246,2429182.51,67.01932654637753
05 - San Jose Earthquakes at Austin FC 4/29,37197,2428701.79,65.29294808721133
11 - Houston Dynamo FC at Austin FC 6/24,37728,2428691.6,64.3737171331637
18 - Pumas UNAM at Austin FC 7/26,36598,2417543.41,66.05670829007049
15 - Houston Dynamo FC at Austin FC 9/21,37000,2414758.41,65.26374081081082
04 - Vancouver Whitecaps FC at Austin FC 4/15,36895,2414090.41,65.43137037538962
09 - Portland Timbers at Austin FC 5/29,37768,2411234.92,63.84333086210549
07 - Houston Dynamo FC at Austin FC 5/15,37757,2409140.73,63.806465820907384
16 - Nashville SC at Austin FC 9/17,36899,2406028.68,65.20579636304507
19 - Monterrey at Austin FC 7/30,38176,2401002.18,62.89297411986588
13 - Houston Dynamo FC at Austin FC 8/9,37433,2398983.52,64.08739668207197
14 - FC Dallas at Austin FC 8/16,36622,2384108.06,65.10043307301622
14 - Vancouver Whitecaps FC at Austin FC 8/31,37553,2383552.37,63.47168987830533
06 - FC Dallas at Austin FC 5/13,36596,2377461.62,64.96506776696907
08 - Vancouver Whitecaps FC at Austin FC 5/17,36069,2353354.46,65.24590257561896
12 - Sporting KC at Austin FC 7/15,37425,2351855.14,62.841820708082835
17 - Colorado Rapids at Austin FC 10/19,38116,2343146.45,61.47409093294155
17 - St. Louis City SC at Austin FC 10/4,35551,2324159.68,65.37536721892492
05 - Vancouver Whitecaps FC at Austin FC 4/23,35378,2319125.84,65.55276838713324
09 - Real Salt Lake at Austin FC 6/3,36569,2315420.83,63.31649293117121
07 - Toronto FC at Austin FC 5/20,36237,2310902.73,63.77191075420151
12 - New England Revolution at Austin FC 7/12,36170,2307905.68,63.80717943046724
16 - Real Salt Lake at Austin FC 9/28,37157,2305585.46,62.04982802702048
16 - Seattle Sounders FC at Austin FC 9/21,35913,2298909.81,64.0133046529112
09 -  Real Salt Lake at Austin FC 5/28,35176,2296795.13,65.29438054355242
07 - Atlanta United FC at Austin FC 5/14,34074,2295426.41,67.36592152374244
12 - Sporting KC at Austin FC 8/13,36242,2283461.16,63.00593675845704
03 - LAFC at Austin FC 3/21,37308,2280026.69,61.113613434116004
10 - New York Red Bulls at Austin FC 7/24,36696,2272554.37,61.92921217571397
11 - San Jose Earthquakes at Austin FC 8/6,37230,2269771.04,60.96618426000537
07 - Orlando City SC at Austin FC 5/22,35818,2269397.63,63.359138701211684
03 - Seattle Sounders FC at Austin FC 3/20,34615,2266233.31,65.46968972988589
09 - Houston Dynamo FC at Austin FC 7/12,37939,2261545.51,59.610045335934
18 - Violette AC at Austin FC,36681,2254832.34,61.47139772634334
San Jose Earthquakes at Austin FC 6/19,32151,2235111.27,69.51918354016982
15 - San Jose Earthquakes at Austin FC 8/30,35980,2224956.07,61.83869010561423
10 - FC Dallas at Austin FC 6/21,37053,2204198.6,59.48772299139071
Colorado Rapids at Austin FC 7/31,36611,2199438.01,60.0758791073721
02 - Inter Miami CF at Austin FC 3/6,33829,2199422.27,65.01588193561737
Seattle Sounders FC at Austin FC 7/22,34703,2199242.85,63.373277526438635
CONCACAF Gold Cup Semifinal,39640,2190653.19,55.26370307769929
2025 - Round 1 Game 2 (LAFC at Austin FC),33958,2183998.36,64.31469344484363
04 - Minnesota United FC at Austin FC 4/10,35251,2177935.82,61.783660605372894
01 - FC Cincinnati at Austin FC 2/26,33287,2170059.86,65.19241325442366
15 - LA Galaxy at Austin FC 9/24,36470,2164890.03,59.36084535234439
LAFC at Austin FC 7/7,34679,2163918.36,62.398522448744195
Houston Dynamo FC at Austin FC 10/24,36488,2139658.35,58.64005563472923
Willie's Picnic,27762,2136224.71,76.94779590807579
20 - FC Juarez at Austin FC 7/29,37069,2125248.44,57.332230165367285
Portland Timbers at Austin FC 7/1,34043,2117365.0,62.19678054225538
Columbus Crew at Austin FC 6/27,33205,2114164.6,63.670067760879384
08 - Minnesota United FC at Austin FC 5/31,35186,2108346.91,59.92005087250611
Portland Timbers FC at Austin FC 8/21,35297,2107573.47,59.70970535739581
Minnesota United FC at Austin FC 10/16,36206,2102687.24,58.07565707341325
15 - Real Salt Lake at Austin FC 9/14,36013,2093237.03,58.12448365867881
14 - Portland Timbers at Austin FC 9/17,35111,2092356.21,59.592612286747745
05 - Houston Dynamo FC at Austin FC 4/25,38102,2072667.8,54.3978741273424
Sporting KC at Austin FC 11/3,36410,2067051.34,56.7715281516067
14 - Portland Timbers at Austin FC 8/31,36561,2066172.21,56.513011405596124
Houston Dynamo FC at Austin FC 8/4,34839,2063084.45,59.21767128792445
13 - Seattle Sounders FC at Austin FC 8/30,35640,2062608.36,57.87341077441077
LA Galaxy at Austin FC 9/26,35619,2051069.04,57.583566074286196
FC Dallas at Austin FC 8/29,34686,2042804.76,58.8942155336447
Tigres UANL at Austin FC 7/13,35656,2019621.08,56.64182970608032
07 - Sporting KC at Austin FC 5/16,38594,2001773.89,51.86748950614085
16 - D.C. United at Austin FC 10/4,35079,1988886.37,56.697350836682915
08 - Seattle Sounders FC at Austin FC 7/22,37441,1987755.3,53.090336796559924
04 - LA Galaxy at Austin FC 4/11,37618,1980429.31,52.6457895156574
San Jose Earthquakes at Austin FC 9/18,34407,1971767.54,57.30716249600372
01 - Minnesota United FC at Austin FC 2/21,36928,1965647.98,53.22920223136915
20 - C.F. Pachuca at Austin FC 6/11,34478,1964712.41,56.984523754278094
19 - Mazatlan FC at Austin FC 7/21,34113,1943530.13,56.97329844927154
06 - St. Louis City SC at Austin FC 5/3,36317,1932488.26,53.211671118209104
Vancouver Whitecaps FC at Austin FC 8/18,34150,1921701.88,56.272383016105415
20 - US Open Cup Final - TBD at Austin FC 10/1,34270,1899273.81,55.42088736504231
LAFC at Austin FC 9/15,34253,1890659.03,55.19688873967244
Real Salt Lake at Austin FC 10/2,34340,1864586.86,54.29781188118812
10 - Philadelphia Union at Austin FC 8/22,36687,1809523.1,49.323278000381606
02 - D.C. United at Austin FC 3/1,35841,1804012.68,50.33377082112664
2023 Willie's Picnic,25615,1795833.28,70.10865820808121
18 - Atlas FC at Austin FC 2/16,33602,1778296.78,52.922349264924705
Copa America: Jamaica vs. Venezuela 6/30,41729,1771746.48,42.45839775695559
09 - FC Dallas at Austin FC 8/16,36598,1753798.96,47.92062298486256
11 - San Jose Earthquakes at Austin FC 9/5,36755,1737563.82,47.274216297102434
13 - San Diego FC at Austin FC 9/26,27811,1733179.88,62.31994103052749
MNT Tour 12/8,37046,1717070.78,46.349694433946986
12 - Colorado Rapids at Austin FC 9/9,31770,1708147.36,53.766048473402584
16 - Real Salt Lake at Austin FC 10/28,18846,1587859.5,84.25445717924228
15 - Vancouver Whitecaps FC at Austin FC 10/17,19494,1535026.42,78.74353236893403
17 - Portland Timbers at Austin FC 11/7,18690,1511601.75,80.87756821829855
19 - Puebla FC at Austin FC 8/9,27316,1501542.75,54.96934946551472
14 - Nashville SC at Austin FC 10/10,19793,1496398.02,75.60238569191128
Gold Cup: Saudi Arabia vs United States 6/19,22007,1466869.01,66.65465579133912
2021 Extra Game 19,15569,1428328.15,91.74180422634723
21 - Tijuana at Austin FC 8/6,30100,1352010.93,44.91730664451827
18 - NYCFC at Austin FC 2/1,18605,1279206.05,68.75603601182478
2025 LC - Club America vs Portland Timbers,17815,957868.65,53.767535784451304
Gold Cup: Guatemala vs Panama 6/20,21517,946575.51,43.99198354789237
2021 Austin FC Waitlist Membership,17585,879200.0,49.99715666761444
Club America vs Tigres UANL 9/10,25159,855513.55,34.004274812194446
Copa America: Paraguay vs. Costa Rica 7/2,21353,838873.11,39.28596028661078
Club America vs. Monterrey,22868,731953.16,32.00774707014168
2024 LC - Monterrey vs Pumas ,14131,578444.36,40.93442502299908
EXT,296,521572.73,1762.0700337837839
Tigres UANL vs Pumas UNAM 3/22/25,12093,518961.35,42.91419416191185
2023 Austin FC Waitlist Membership,17476,482600.0,27.61501487754635
2022 Austin FC Waitlist Membership,15558,471005.0,30.27413549299396
River Plate vs Monterrey,8961,420080.76,46.878781386006025
FC Koln vs VfB Stuttgart,9144,382065.33,41.78317257217848
2024 LC R32 - Tigres UANL v. C.F. Pachuca,7577,366287.0,48.34195591922925
2025 MLS All Star Hospitality,113,290200.0,2568.141592920354
23 - Chicago Fire FC at Austin FC 5/24,32568,273763.63,8.405908560550234
Premier Rugby Sevens,10568,270706.71,25.615699280847842
22- New Mexico United at Austin FC 5/10,32867,258354.31,7.860599081145222
Gold Cup: Panama vs Jamaica 6/24,9320,255487.38,27.412809012875538
2023 Night in Verde,326,241500.0,740.7975460122699
2024 Austin FC Waitlist Membership,7617,183190.0,24.050150978075358
19 - Houston Dynamo FC at Austin FC 5/21,26499,142212.1,5.3666968564851505
2025 Austin FC Waitlist Membership,4972,140575.0,28.273330651649236
2026 Full Season Parking Membership,669,132050.0,197.38415545590433
SAFE's Touch-A-Truck 9/14,6556,127160.0,19.395973154362416
18 - El Paso Locomotive FC at Austin FC,26191,124856.98,4.7671711656675955
 2021 Suite Security Deposit,12,120000.0,10000.0
SAFE's Touch-A-Truck 9/30,6725,110830.5,16.480371747211898
Saudi Arabia Friendly,4862,109335.02,22.48766351295763
2025 Full Season Parking Membership,695,104028.6,149.68143884892086
Parking - Iceland vs USWNT 10/24,1853,89759.31,48.43999460334592
11PRK - LAFC at Austin FC 10/12,2950,78573.46,26.63507118644068
2026 Austin FC Waitlist Membership,3290,78425.0,23.837386018237083
Parking: Copa America: Jamaica vs. Venezuela 6/30,2156,75811.32,35.16294990723562
Parking - USMNT vs Ecuador 10/10,1499,69456.6,46.335290193462306
Parking - Panama vs USMNT 10/12,1515,69314.43,45.75209900990099
Parking - 2025 - Round 1 Game 2 (LAFC at Austin FC),1929,66038.14,34.23439087610161
SAFE's Touch-A-Truck 9/27,3810,65714.0,17.247769028871392
Parking - 2025 All Star Match Parking,1223,64029.82,52.35471790678659
03PRK - San Diego FC at Austin FC 3/23,2265,63635.81,28.095280353200884
02PRK - Colorado Rapids at Austin FC 3/8,2238,62681.37,28.007761394101877
2024 Full Season Parking Membership,663,62170.0,93.77073906485671
01PRK - Sporting Kansas City at Austin FC 2/22,2223,61997.18,27.88896986054881
05PRK - LA Galaxy at Austin FC 4/19,2251,61534.46,27.336499333629497
06PRK - LA Galaxy at Austin FC 4/27,2290,60972.65,26.62561135371179
08PRK - Sporting KC at Austin FC 5/18,2281,59739.66,26.190118369136343
01PRK - Minnesota United FC at Austin FC 2/24,2184,58620.37,26.840828754578755
Parking - RUFUS DU SOL 4/26/25,1249,58529.19,46.86084067253803
20PRK - US Open Cup Final - Nashville SC at Austin FC 10/1,1915,56089.14,29.2893681462141
02PRK - St. Louis CITY FC at Austin FC 3/9,2230,56038.7,25.129461883408073
11PRK - NYCFC at Austin FC 7/6,2227,55901.8,25.101841041760217
04PRK - Portland Timbers at Austin FC 4/5,2178,55413.39,25.44232782369146
03PRK - LAFC at Austin FC 3/21,2140,55144.7,25.76855140186916
06PRK - St. Louis City SC at Austin FC 5/3,2075,54804.58,26.41184578313253
10PRK -  New York Red Bulls at Austin FC 6/14,2238,54757.97,24.46736818588025
09PRK - Portland Timbers at Austin FC 5/29,2239,54605.99,24.38856185797231
10PRK - LAFC at Austin FC 6/19,2225,53854.35,24.20420224719101
20PRK - Club America at Austin FC 8/13,2118,53481.65,25.251015108593013
03PRK - Philadelphia Union at Austin FC 3/16,2120,53268.83,25.126806603773584
06PRK - Minnesota United FC at Austin FC 5/3,2192,52772.59,24.07508667883212
15PRK - Houston Dynamo FC at Austin FC 9/21,2231,52477.55,23.52198565665621
05PRK - San Jose Earthquakes at Austin FC 4/6,2097,52302.16,24.94142107773009
12PRK - Seattle Sounders FC at Austin FC 7/13,2217,52035.18,23.470987821380245
05PRK - Houston Dynamo FC at Austin FC 4/25,2136,51877.15,24.287055243445693
17PRK - Colorado Rapids at Austin FC 10/19,2209,51522.77,23.32402444545043
07PRK - Sporting KC at Austin FC 5/16,2111,51479.67,24.38639033633349
14PRK - Vancouver Whitecaps FC at Austin FC 8/31,2175,51296.16,23.584441379310345
07PRK - Houston Dynamo FC at Austin FC 5/15,2243,51275.08,22.86004458314757
Parking - Gold Cup: Saudi Arabia vs United States 6/19,996,51109.03,51.314287148594374
04PRK - FC Dallas at Austin FC 3/30,2084,51014.78,24.47926103646833
01PRK - Minnesota United FC at Austin FC 2/21,1948,49949.53,25.64144250513347
13PRK - Houston Dynamo FC at Austin FC 8/9,2083,48746.6,23.402112337974074
08PRK - Seattle Sounders FC at Austin FC 7/22,2150,48545.5,22.579302325581395
16PRK - Real Salt Lake at Austin FC 9/28,2184,48281.79,22.107046703296703
15PRK - San Jose Earthquakes at Austin FC 8/30,2074,48276.87,23.277179363548697
04PRK - LA Galaxy at Austin FC 4/11,2050,47749.47,23.2924243902439
02PRK - D.C. United at Austin FC 3/1,1898,47024.39,24.775758693361432
13PRK - Charlotte FC at Austin FC 7/20,2076,46543.75,22.419918111753372
08PRK -  Vancouver Whitecaps FC at Austin FC 5/17,1983,46001.71,23.198038325769037
11PRK - San Jose Earthquakes at Austin FC 9/5,1954,45751.72,23.41439099283521
19PRK - Monterrey at Austin FC 7/30,2102,44707.67,21.269110371075165
14PRK - FC Dallas at Austin FC 8/16,1981,44219.23,22.321670873296316
12PRK - New England Revolution at Austin FC 7/12,1941,44198.73,22.771112828438948
17PRK - St. Louis City SC at Austin FC 10/4,2062,43811.78,21.247225994180408
16PRK - Seattle Sounders FC at Austin FC 9/21,2006,43514.81,21.692328015952143
10PRK - Philadelphia Union at Austin FC 8/22,1998,42575.03,21.308823823823825
18EXT - El Paso Locomotive FC at Austin FC,17,40967.08,2409.828235294118
Austin FC Deposits,629,40800.0,64.86486486486487
09PRK - Real Salt Lake at Austin FC 5/28,2017,40604.71,20.131239464551314
09PRK - FC Dallas at Austin FC 8/16,1902,40436.92,21.260210304942166
Parking: Copa America: Paraguay vs. Costa Rica 7/2,1238,39214.9,31.676009693053313
18PRK - Pumas UNAM at Austin FC 7/26,1870,38200.77,20.4282192513369
07PRK - Atlanta United FC at Austin FC 5/14,1940,37685.8,19.425670103092784
A Night in Verde Presented by St. David's HealthCare,11,37000.0,3363.6363636363635
18PRK - El Paso Locomotive FC at Austin FC,2569,36420.66,14.176979369404437
2022 A Night in Verde,10,36000.0,3600.0
21PRK - Tijuana at Austin FC 8/6,1412,35884.52,25.413966005665724
Chargebacks,18,35737.59,1985.4216666666666
2023 LC - Mazatlan FC vs FC Juarez,2348,32061.69,13.654893526405452
12PRK - Colorado Rapids at Austin FC 9/9,1728,29140.55,16.863744212962963
2024 Night in Verde,353,29000.0,82.15297450424929
Playoff Parking Match 02,1155,28215.65,24.4291341991342
Parking - Gold Cup: Guatemala vs Panama 6/20,603,25989.1,43.099668325041456
Heineken Austin FC Away Days 7/16,643,25135.0,39.09020217729393
19PRK - Puebla FC at Austin FC 8/9,1397,23870.22,17.086771653543305
Playoff Parking Match 01,1114,23795.63,21.360529622980252
17PRK - Colorado Rapids at Austin FC 10/9,1309,23632.66,18.053980137509548
12EXT - Colorado Rapids at Austin FC 9/9,408,22987.5,56.341911764705884
Parking - Tigres UANL vs Pumas UNAM 3/22/25,558,22851.07,40.95173835125448
Parking - 2025 LC - Club America vs Portland Timbers,479,22605.46,47.19302713987474
09EXT -  Real Salt Lake at Austin FC 5/28,380,22390.96,58.92357894736842
02PRK- CF Montreal at Austin FC 3/4,1228,22320.97,18.176685667752444
Austin FC High Performance Summit — Powered by Catapult ,71,20850.0,293.6619718309859
08EXT - Seattle Sounders FC at Austin FC 7/22,418,20290.0,48.54066985645933
13EXT - Houston Dynamo FC at Austin FC 8/9,318,20221.0,63.588050314465406
01PRK- St. Louis City SC at Austin FC 2/25,1160,19253.59,16.597922413793103
16PRK - Nashville SC at Austin FC 9/17,1258,19065.09,15.155079491255961
Splitting Accounts,643,18652.0,29.00777604976672
06PRK- FC Dallas at Austin FC 5/13,1274,18567.6,14.57425431711146
13PRK - San Diego FC at Austin FC 9/26,1264,18525.54,14.65628164556962
03PRK- Colorado Rapids at Austin FC 3/25,1253,18438.45,14.715442936951316
Austin Auto Show 11/16,1720,18131.73,10.541703488372093
18PRK- Violette AC at Austin FC,1261,18130.55,14.377914353687549
04PRK- Vancouver Whitecaps FC at Austin FC 4/15,1270,17922.95,14.11255905511811
17PRK- LAFC at Austin FC 10/7,1325,17879.12,13.493675471698113
13PRK - LAFC at Austin FC 8/26,1254,17777.08,14.176299840510367
13EXT - Charlotte FC at Austin FC 7/20,539,17680.0,32.80148423005566
10EXT - Philadelphia Union at Austin FC 8/22,232,17375.0,74.89224137931035
Parking - 2024 LC - Monterrey vs Pumas ,385,17215.5,44.715584415584416
05PRK- San Jose Earthquakes at Austin FC 4/29,1244,17103.21,13.748561093247588
09EXT - Portland Timbers at Austin FC 5/29,240,16800.0,70.0
Austin FC Away Days 8/26,375,16400.0,43.733333333333334
09PRK- Real Salt Lake at Austin FC 6/3,1273,15906.78,12.495506677140613
07PRK- Toronto FC at Austin FC 5/20,1259,15895.63,12.625599682287529
16EXT - Seattle Sounders FC at Austin FC 9/21,326,15847.0,48.61042944785276
12PRK - Sporting KC at Austin FC 8/13,1276,15493.49,12.14223354231975
08EXT - Vancouver Whitecaps FC at Austin FC 5/17,240,15390.16,64.12566666666666
17EXT - St. Louis City SC at Austin FC 10/4,384,14936.0,38.895833333333336
07EXT - Atlanta United FC at Austin FC 5/14,219,14867.0,67.88584474885845
07EXT - Sporting KC at Austin FC 5/16,271,14825.0,54.70479704797048
10PRK - New York Red Bulls at Austin FC 7/24,1233,14643.0,11.875912408759124
10PRK- FC Dallas at Austin FC 6/21,1312,14544.43,11.085693597560976
07EXT - Houston Dynamo FC at Austin FC 5/15,206,14420.0,70.0
09PRK - Houston Dynamo FC at Austin FC 7/12,1304,14237.75,10.918519938650308
16EXT - Real Salt Lake at Austin FC 9/28,203,14210.0,70.0
11PRK - San Jose Earthquakes at Austin FC 8/6,1265,14123.83,11.165083003952569
05EXT - San Jose Earthquakes at Austin FC 4/6,200,14000.0,70.0
Austin Auto Show 11/17,1495,13992.93,9.359819397993311
Parking - 2025 All Star Skills Parking,721,13937.19,19.330360610263522
15EXT - Houston Dynamo FC at Austin FC 9/21,199,13930.0,70.0
10EXT - LAFC at Austin FC 6/19,198,13860.0,70.0
14PRK - Portland Timbers at Austin FC 8/31,1277,13800.0,10.806577916992952
15PRK- LA Galaxy at Austin FC 9/24,1268,13683.21,10.791175078864354
14PRK- Portland Timbers at Austin FC 9/17,1215,13466.32,11.083390946502057
08PRK - FC Dallas at Austin FC 6/25,1269,13454.0,10.602048857368006
08PRK- Minnesota United FC at Austin FC 5/31,1260,13219.34,10.491539682539683
15PRK - Real Salt Lake at Austin FC 9/14,1233,13168.84,10.680324412003245
SAFE's Touch-A-Truck 10/24,624,13051.5,20.915865384615383
18EXT - Pumas UNAM at Austin FC 7/26,186,13020.0,70.0
11PRK- Houston Dynamo FC at Austin FC 6/24,1323,12902.34,9.75233560090703
13PRK- Seattle Sounders FC at Austin FC 8/30,1246,12808.75,10.27989566613162
Heineken Austin FC Away Days 4/30,335,12720.0,37.97014925373134
05EXT - Houston Dynamo FC at Austin FC 4/25,177,12600.0,71.1864406779661
Heineken Austin FC Away Days 3/18,411,12425.86,30.23323600973236
03PRK - Seattle Sounders FC at Austin FC 3/20,1222,12012.25,9.829991816693944
23PRK - Chicago Fire FC at Austin FC 5/24,1145,11690.75,10.210262008733624
17EXT - Colorado Rapids at Austin FC 10/19,164,11480.0,70.0
02PRK - Inter Miami CF at Austin FC 3/6,1187,11431.0,9.6301600673968
05PRK - Vancouver Whitecaps FC at Austin FC 4/23,1204,11415.2,9.481063122923588
12EXT - Seattle Sounders FC at Austin FC 7/13,163,11410.0,70.0
07PRK - Orlando City SC at Austin FC 5/22,1195,11337.0,9.48702928870293
16PRK- D.C. United at Austin FC 10/4,1270,11315.38,8.909748031496063
06PRK - LA Galaxy at Austin FC 5/8,1198,10759.0,8.980801335559265
22PRK - New Mexico United at Austin FC 5/10,1182,10664.56,9.022470389170897
Parking - 2024 LC R32 - Tigres UANL v. C.F. Pachuca,272,10652.66,39.16419117647059
12PRK- Sporting KC at Austin FC 7/15,1272,10611.84,8.342641509433962
04PRK - Minnesota United FC at Austin FC 4/10,1223,10276.75,8.402902698282912
12EXT - New England Revolution at Austin FC 7/12,185,10189.0,55.075675675675676
Austin FC Away Trip 9/11/2021,298,10042.0,33.69798657718121
04EXT - LA Galaxy at Austin FC 4/11,148,10025.0,67.73648648648648
20PRK- FC Juarez at Austin FC,1204,9847.99,8.179393687707641
06EXT - St. Louis City SC at Austin FC 5/3,172,9750.0,56.68604651162791
14EXT - Vancouver Whitecaps FC at Austin FC 8/31,189,9720.0,51.42857142857143
14EXT - FC Dallas at Austin FC 8/16,133,9709.0,73.0
14PRK - Nashville SC at Austin FC 10/10,821,9547.88,11.629573690621193
CMGK Austin Clinic 11/18,79,9517.2,120.47088607594937
18PRK - NYCFC at Austin FC 2/1,1146,9506.2,8.295113438045375
2021 Parking Game 17,1214,9373.0,7.720757825370676
2021 Parking Game 16,1214,9362.0,7.71169686985173
15PRK - Vancouver Whitecaps FC at Austin FC 10/17,830,9353.06,11.268746987951808
2021 Parking Game 15,1192,9281.75,7.786703020134228
01FC2 - Houston Dynamo 2 at Austin FC II,1989,9245.28,4.648205128205128
2021 Parking Game 14,1167,9154.0,7.844044558697515
19PRK- Mazatlan at Austin FC,1180,9147.38,7.752016949152543
2021 Parking Game 12,1188,9124.25,7.680345117845118
17PRK - Portland Timbers at Austin FC 11/7,796,8871.13,11.14463567839196
Parking - Gold Cup: Panama vs Jamaica 6/24,250,8621.25,34.485
16PRK - Real Salt Lake at Austin FC 10/28,810,8584.9,10.598641975308642
09EXT - FC Dallas at Austin FC 8/16,114,8550.0,75.0
2021 Parking Game 13,1154,8225.0,7.12738301559792
04EXT - Portland Timbers at Austin FC 4/5,245,8196.0,33.453061224489794
2021 Parking Game 10,1142,8042.75,7.04268826619965
01Prk - FC Cincinnati at Austin FC 2/26,1137,7899.0,6.947229551451187
06EXT - LA Galaxy at Austin FC 4/27,110,7700.0,70.0
Parking - Saudi Arabia vs Puerto Rico Friendly,343,7685.0,22.40524781341108
06FC2 - San Jose Earthquakes II at Austin FC II,1529,7630.0,4.990189666448659
14EXT - Nashville SC at Austin FC 10/10,100,7500.0,75.0
20PRK - C.F. Pachuca at Austin FC 6/11,1066,7192.25,6.746951219512195
08FC2 - Vancouver Whitecaps FC 2 at Austin FC II,1408,7095.5,5.039417613636363
16EXT - Real Salt Lake at Austin FC 10/28,208,6900.0,33.17307692307692
01FC2 - Tacoma Defiance at Austin FC II,1175,6854.0,5.8331914893617025
05FC2 - Sporting KC II at Austin FC II,1074,6739.0,6.274674115456238
10FC2 - Houston Dynamo 2 at Austin FC II,1400,6716.0,4.797142857142857
Austin FC Away Days 5/11,169,6706.0,39.680473372781066
2021 Parking Game 11,1146,6421.75,5.603621291448516
01EXT - Minnesota United FC at Austin FC 2/24,90,6300.0,70.0
14FC2 - Colorado Rapids 2 at Austin FC ,1470,6037.5,4.107142857142857
03FC2 - St. Louis City 2 at Austin FC II,1041,5899.5,5.6671469740634
13EXT - San Diego FC at Austin FC 9/26,120,5700.0,47.5
10FB - New York Red Bulls at Austin FC 7/24,2,5510.0,2755.0
07EXT - Orlando City SC at Austin FC 5/22,22,5500.0,250.0
2021 Parking Game 09,1081,5497.0,5.085106382978723
Heineken Away Days - Austin FC @ Houston Dynamo 4/26,190,5437.0,28.61578947368421
18PRK - Atlas FC at Austin FC 2/16,988,5379.75,5.445091093117409
09FC2 - Portland Timbers 2 at Austin FC II,1170,5324.5,4.550854700854701
Austin FC Away Trip 10/30/2021,163,5275.0,32.36196319018405
02EXT -  Colorado Rapids at Austin FC 3/8,72,5256.0,73.0
01EXT - Sporting Kansas City at Austin FC 2/22,70,5110.0,73.0
2026 Single Match Deposits,11,5000.0,454.54545454545456
04FC2 - St Louis CITY 2 at Austin FC II,1152,4933.5,4.282552083333333
Austin FC Away Days 4/20,176,4869.0,27.664772727272727
07FC2 - Real Monarchs at Austin FC II,1147,4846.5,4.225370531822144
06FC2 - Houston Dynamo 2 at Austin FC II,1021,4802.4,4.703623898139079
Austin FC Away Days 5/27,150,4800.0,32.0
13FC2 - LAFC2 at Austin FC II,1219,4657.5,3.8207547169811322
12FC2 - Houston Dynamo 2 at Austin FC II,924,4634.5,5.015692640692641
02FC2 - Tacoma Defiance at Austin FC II,1183,4542.5,3.8398140321217245
03FC2 - North Texas SC at Austin FC ,984,4303.6,4.373577235772358
15FC2 - Cancun FC at Austin FC II,843,4266.5,5.061091340450771
01FC2 - Colorado Rapids 2 at Austin FC II,875,4234.0,4.838857142857143
04FC2 - LA Galaxy II at Austin FC II,832,4128.5,4.962139423076923
09FB - Houston Dynamo FC at Austin FC 7/12,2,4100.0,2050.0
11FC2 - LA Galaxy II at Austin FC II,1110,4025.0,3.626126126126126
06FC2 - LAFC 2 at Austin FC II,721,4013.5,5.566574202496533
19EXT - Houston Dynamo FC at Austin FC 5/21,2,4009.0,2004.5
07FC2 - Colorado Rapids 2 at Austin FC II,729,3979.0,5.458161865569273
12FC2 - Sporting KC II at Austin FC II,1166,3864.0,3.313893653516295
14FC2 - San Jose Earthquakes II at Austin FC II,815,3818.0,4.684662576687116
NEXT ACTION SOCCER CAMP 12/27-12/29,14,3788.82,270.63
03EXT - LAFC at Austin FC 3/21,50,3750.0,75.0
15FB - Real Salt Lake at Austin FC 9/14,3,3735.0,1245.0
03FC2 - North Texas SC at Austin FC I,1095,3714.5,3.3922374429223745
05EXT - LA Galaxy at Austin FC 4/19,50,3650.0,73.0
11EXT - LAFC at Austin FC 10/12,50,3650.0,73.0
Austin FC Away Days 9/13,83,3626.0,43.68674698795181
05FC2 - MNUFC2 at Austin FC II,871,3607.6,4.141905855338691
EXT - 2025 - Round 1 Game 2 (LAFC at Austin FC),35,3500.0,100.0
10EXT - New York Red Bulls at Austin FC 6/14,66,3440.0,52.121212121212125
05FC2 - MNUFC2 at Austin FC I,978,3438.5,3.5158486707566463
2025 Single Match Deposits,2,3360.0,1680.0
Heineken Away Days - Austin FC @ Houston Dynamo 7/25,103,3268.16,31.729708737864076
08FC2 - Portland Timbers 2 at Austin FC II,734,3197.0,4.355585831062671
2021 Parking Game 08,1073,3195.75,2.978331780055918
07FC2 - LAFC 2 at Austin FC II,1183,3120.4,2.637700760777684
11FC2 - Colorado Rapids 2 at Austin FC II,745,3082.0,4.136912751677852
06EXT - Minnesota United FC at Austin FC 5/3,75,3075.0,41.0
02FC2 - MNUFC2 at Austin FC II,684,3016.0,4.409356725146199
13FC2 - Vancouver Whitecaps FC 2 at Austin FC II,939,3001.5,3.196485623003195
17FB - Colorado Rapids at Austin FC 10/9,2,3000.0,1500.0
2023 Full Season Parking Membership,564,3000.0,5.319148936170213
2022 Single Match Premium Hospitality Deposit,3,3000.0,1000.0
07FC2 - Sporting KC II at Austin FC II,743,2876.8,3.871870794078062
08EXT - Sporting KC at Austin FC 5/18,40,2800.0,70.0
06FB - LA Galaxy at Austin FC 5/8,1,2750.0,2750.0
04FC2 - Sporting KC II at Austin FC II,669,2726.0,4.074738415545591
07FB - Orlando City SC at Austin FC 5/22,2,2700.0,1350.0
09FC2 - Real Monarchs at Austin FC II,898,2668.0,2.9710467706013364
Austin FC Away Days 7/17,103,2530.0,24.563106796116504
03FC2 - North Texas SC at Austin FC II,726,2447.6,3.371349862258953
14FC2 - Timbers2 at Austin FC II,750,2422.85,3.2304666666666666
10FC2 - North Texas SC at Austin FC II,810,2392.0,2.9530864197530864
09FC2 - St. Louis CITY2 at Austin FC II,687,2250.4,3.2756914119359535
04EXT - Minnesota United FC at Austin FC 4/10,9,2250.0,250.0
Austin FC Tour Tuesdays 8/24/21,58,2233.0,38.5
11FC2 - North Texas SC at Austin FC II,721,2227.2,3.089042995839112
02EXT - D.C. United at Austin FC 3/1,25,1875.0,75.0
10FC2 - Houston Dynamo 2 at AustinFC II,785,1856.0,2.3643312101910827
14FB - Portland Timbers at Austin FC 8/31,1,1850.0,1850.0
02EXT - St. Louis CITY SC at Austin FC 3/9,25,1750.0,70.0
04FB - Minnesota United FC at Austin FC 4/10,2,1750.0,875.0
Tours 4ATX 11/13,57,1742.0,30.56140350877193
08FC2 - Sporting KC II at Austin FC II,526,1670.4,3.1756653992395436
13FC2 - St. Louis CITY2 at Austin FC II,717,1577.6,2.200278940027894
10FC2 - MNUFC2 at Austin FC II,513,1542.8,3.0074074074074075
Tours 4ATX 4/8,40,1540.0,38.5
Tours 4ATX 2/11,40,1540.0,38.5
02FC2 - MNUFC2 at Austin FC I,537,1529.5,2.8482309124767227
12FC2 - Vancouver Whitecaps FC 2 at Austin FC II,592,1519.6,2.566891891891892
17EXT - Portland Timbers at Austin FC 11/7,20,1500.0,75.0
Austin FC Tour Tuesdays 8/10/21,38,1463.0,38.5
Tours 4ATX 8/12,37,1424.5,38.5
Austin FC Tour Tuesdays 8/3/21,37,1424.5,38.5
12FC2 - Ventura County FC at Austin FC II,646,1392.0,2.154798761609907
Austin FC Tour Tuesdays 9/7/21,60,1386.0,23.1
Tours 4ATX 11/11,37,1333.5,36.04054054054054
04FC2 - Houston Dynamo 2 at Austin FC II,710,1276.0,1.7971830985915493
06EXT - LA Galaxy at Austin FC 5/8,5,1250.0,250.0
2021 Parking Game 02,977,1238.0,1.2671443193449334
Austin FC Tour Tuesdays 7/20/21,31,1193.5,38.5
21EXT - Tijuana at Austin FC 8/6,45,1125.0,25.0
Tours 4ATX 9/9,28,1078.0,38.5
Tours 4ATX 3/11,28,1078.0,38.5
2026 Final Stretch Package,3,1014.0,338.0
20EXT - Club America at Austin FC 8/13,37,1010.0,27.2972972972973
2024 Single Match Hospitality Deposits,1,1000.0,1000.0
01FC2 - Team at Austin FC II,546,986.0,1.8058608058608059
02FC2 - Ventura County FC at Austin FC II,444,928.0,2.09009009009009
14FC2 - Colorado Rapids 2 at Austin FC II,797,928.0,1.164366373902133
Tours 4ATX 7/14,24,924.0,38.5
Away Days - Austin FC @ FC Dallas 9/19,16,890.0,55.625
Tours 4ATX 7/8,23,885.5,38.5
08FC2 - LAFC 2 at Austin FC II,474,881.6,1.859915611814346
Add on Donation,171,855.0,5.0
Austin FC Tour Tuesdays 6/1/21,20,770.0,38.5
Tours 4ATX 5/13,20,770.0,38.5
Austin FC Tour Tuesdays 6/8/21,20,770.0,38.5
Austin FC Tour Tuesdays 6/22/21,20,770.0,38.5
Austin FC Tour Tuesdays 5/25/21,21,770.0,36.666666666666664
Austin FC Tour Tuesdays 7/6/21,20,756.0,37.8
HCAL Regional Flag Football Championships,100,755.0,7.55
Leagues Cup Away Days - Austin FC @ Toluca 8/26,25,713.28,28.5312
11FC2 - Sporting KC II at Austin FC II,531,661.2,1.2451977401129943
Tours 4ATX 7/12 2024,17,654.5,38.5
Tours 4ATX 6/10,17,654.5,38.5
06FC2 - St. Louis CITY2 at Austin FC II,496,638.0,1.2862903225806452
13FC2 - San Jose Earthquakes II at Austin FC II,446,626.4,1.4044843049327354
Tours 4ATX 3/29 2024,14,539.0,38.5
2027 + 27/28 Combined Season Membership,4,526.75,131.6875
09FC2 - Colorado Rapids 2 at Austin FC II,440,487.2,1.1072727272727274
Tours 4ATX 5/17 2024,16,462.0,28.875
Austin FC Tour Tuesdays 8/17/21,11,423.5,38.5
05FC2 - Tacoma Defiance at Austin FC II,376,417.6,1.1106382978723404
Tours 4ATX 6/2,10,385.0,38.5
Waitlist Credit,15,375.0,25.0
Tours 4ATX 2/10,9,346.5,38.5
Tours 4ATX 6/14 2024,8,308.0,38.5
Tours 4ATX 12/8,8,308.0,38.5
Tours 4ATX 4/14,8,308.0,38.5
Tours 4ATX 10/20,8,308.0,38.5
Tours 4ATX 10/14,8,308.0,38.5
TEST Match 3,6,300.0,50.0
TEST Match 1,6,300.0,50.0
TEST Match 2,6,300.0,50.0
Tours 4ATX 5/12,7,269.5,38.5
Tours 4ATX 12/9,6,231.0,38.5
Tours 4ATX 2/23 2024,6,231.0,38.5
Tours 4ATX 11/22 2024,15,231.0,15.4
Tours 4ATX 4/26 2024,8,231.0,28.875
Tours 4ATX 3/10,6,231.0,38.5
Austin FC Tour Tuesdays 8/31/21,5,192.5,38.5
2021 Parking Game 07,1030,190.0,0.18446601941747573
Tours 4ATX 11/10,4,154.0,38.5
Tours 4ATX 8/25,3,115.5,38.5
Tours 4ATX 9/22,2,77.0,38.5
Tours 4ATX 12/13 2024,2,77.0,38.5
Membership Deposits,1,50.0,50.0
